epoch,accuracy,loss
0,0.03388325124979019,7.444555282592773
